"Txhash","Blockno","UnixTimestamp","DateTime","From","To","ContractAddress","Value_IN(FTM)","Value_OUT(FTM)","CurrentValue @ $0.9838/FTM","TxnFee(FTM)","TxnFee(USD)","Historical $Price/FTM","Status","ErrCode","Method"
"0xc5df6e4f59aa9c6802f6b4ed37289cbb2e4a4f12ea48cff6df639105d843bf60","36616070","1650540125","2022-04-21 11:22:05","0xfe351f5ed699fd5ea80b906f89dfdad2f885a46c","","0x9bd5cc542bc922e95ba41c0702555e830f2c1cb4","0","0","0","2.1275429528","2.09307675696464","1.12","","","0x60a06040",""
"0xc916eb5aaed9867603451ce2d017f007bda93aa70ba9c38c30c04c0d01dddb3a","36620604","1650544553","2022-04-21 12:35:53","0xb32e23c6b979f6530cd3e5e284a875f7db78b2e8","0x9bd5cc542bc922e95ba41c0702555e830f2c1cb4","","0","0","0","0.0219110491944","0.0215560901974507","1.12","","","Mint Fractional DEI",""
"0x686ba7e5342a4eb1dcbd6176a5dc643ced9c11c425e28ded2be01708f223be58","36620743","1650544758","2022-04-21 12:39:18","0xb32e23c6b979f6530cd3e5e284a875f7db78b2e8","0x9bd5cc542bc922e95ba41c0702555e830f2c1cb4","","0","0","0","0.0379020019788","0.0372879895467434","1.12","","","Redeem Fractional DEI",""
"0xbbef21e320933222b56fa57af9532a7d3fa6751cc43a9a5c64f2cb50d1a2274e","36795147","1650734416","2022-04-23 17:20:16","0xb32e23c6b979f6530cd3e5e284a875f7db78b2e8","0x9bd5cc542bc922e95ba41c0702555e830f2c1cb4","","0","0","0","0.0053428310861","0.00525627722250518","1.09","","","Collect Collateral",""
"0xb81b9d67770ee705beab86ab6811561cc249bf1f5e6c50cb10908c15b485404e","36863541","1650811067","2022-04-24 14:37:47","0xe5227f141575dce74721f4a9be2d7d636f923044","0x9bd5cc542bc922e95ba41c0702555e830f2c1cb4","","0","0","0","0.008817050855","0.008674214631149","1.07","","","Grant Role",""
"0xf76b5fe5474b784680c092666cd34126f537304e89c0e25df5200bde75844d80","36863596","1650811129","2022-04-24 14:38:49","0xe5227f141575dce74721f4a9be2d7d636f923044","0x9bd5cc542bc922e95ba41c0702555e830f2c1cb4","","0","0","0","0.0078863159694","0.00775855765069572","1.07","","","Set Pool Parameters",""
"0x3a626a423c1d268ca8ed9211287beefa27e16ede9c6f3345bee25e718b4adbee","36930010","1650891185","2022-04-25 12:53:05","0xb32e23c6b979f6530cd3e5e284a875f7db78b2e8","0x9bd5cc542bc922e95ba41c0702555e830f2c1cb4","","0","0","0","0.0458552338728","0.0451123790840606","1.07","","","Redeem Fractional DEI",""
"0xda9148ae8c9097be0bc9122d2bf7e051d37588fe057d55955fd8c8de519e657c","36930042","1650891232","2022-04-25 12:53:52","0xb32e23c6b979f6530cd3e5e284a875f7db78b2e8","0x9bd5cc542bc922e95ba41c0702555e830f2c1cb4","","0","0","0","0.0384695017848","0.0378462958558862","1.07","","","Redeem Fractional DEI",""
"0x31907f04e43f90dde810f64dcce90448568a134021a5b20c280c098830899d14","36933456","1650895347","2022-04-25 14:02:27","0xb32e23c6b979f6530cd3e5e284a875f7db78b2e8","0x9bd5cc542bc922e95ba41c0702555e830f2c1cb4","","0","0","0","0.0364003453134","0.0358106597193229","1.07","","","Mint Fractional DEI",""
"0x5b8ef59d2f7b133e8e71cbca4abb033dc67b3e1480b91ff74ef4c186e7302de0","36933469","1650895366","2022-04-25 14:02:46","0xb32e23c6b979f6530cd3e5e284a875f7db78b2e8","0x9bd5cc542bc922e95ba41c0702555e830f2c1cb4","","0","0","0","0.0385237976472","0.0378997121253154","1.07","","","Redeem Fractional DEI",""
"0xf2e84270d497d8bce632403b5e44fb9e0b7c1024dddacd91aebfcbd424f250d8","36933657","1650895605","2022-04-25 14:06:45","0xb32e23c6b979f6530cd3e5e284a875f7db78b2e8","0x9bd5cc542bc922e95ba41c0702555e830f2c1cb4","","0","0","0","0.0079512130534","0.00782240340193492","1.07","","","Collect Collateral",""
"0x5c82a9f7fae28abc80533be36211329add01650caecd413aed4784502eb17dde","36933730","1650895688","2022-04-25 14:08:08","0xb32e23c6b979f6530cd3e5e284a875f7db78b2e8","0x9bd5cc542bc922e95ba41c0702555e830f2c1cb4","","0","0","0","0.0506143676616","0.0497944149054821","1.07","","","Redeem Fractional DEI",""
"0x3bb040a26deab3a08290b17bea8af66e7346b011f9be09947ef0d128c0c2646a","36934092","1650896063","2022-04-25 14:14:23","0xb32e23c6b979f6530cd3e5e284a875f7db78b2e8","0x9bd5cc542bc922e95ba41c0702555e830f2c1cb4","","0","0","0","0.0074877702679","0.00736646838956002","1.07","","","Collect Collateral",""
"0x52870ed1a0b01cef67cdf4b6da30e908c5d3072977adf131e348897d76849136","36935892","1650898654","2022-04-25 14:57:34","0xb32e23c6b979f6530cd3e5e284a875f7db78b2e8","0x9bd5cc542bc922e95ba41c0702555e830f2c1cb4","","0","0","0","0.0300119701341","0.0295257762179276","1.07","","","0xea7d3ca1",""
"0xb98845d70d0609557d5702f31d58a29665b1ef84ebf72062cfb523e3bb89ce8d","36935923","1650898684","2022-04-25 14:58:04","0xb32e23c6b979f6530cd3e5e284a875f7db78b2e8","0x9bd5cc542bc922e95ba41c0702555e830f2c1cb4","","0","0","0","0.0538140366084","0.0529422492153439","1.07","","","Redeem Fractional DEI",""
"0x82e60ab836aa63e92233befa7dc55e5e86a9ba9eb58f6fdd2dd82a05e1b6cdda","36935978","1650898735","2022-04-25 14:58:55","0xb32e23c6b979f6530cd3e5e284a875f7db78b2e8","0x9bd5cc542bc922e95ba41c0702555e830f2c1cb4","","0","0","0","0.0088621521169","0.00871858525260622","1.07","","","Collect Collateral",""
"0x1e17dbec00f6d757cd79350cce60f7fb23757202497ef6661e9706db57ed94db","36998730","1650972149","2022-04-26 11:22:29","0x2408e836ebfcf135731df4cf357c10a7b65193bf","0x9bd5cc542bc922e95ba41c0702555e830f2c1cb4","","0","0","0","0.0167782093164","0.0165064023254743","0.97","","","Mint Fractional DEI",""
"0x9127002ff7f4230cb963b1b71520805ea3d0cda246c162a730d6be008b77e183","36998817","1650972244","2022-04-26 11:24:04","0x2408e836ebfcf135731df4cf357c10a7b65193bf","0x9bd5cc542bc922e95ba41c0702555e830f2c1cb4","","0","0","0","0.0260603281044","0.0256381507891087","0.97","","","Redeem Fractional DEI",""
"0x98e878b72db30db57512800d04613a8981e9b908af94d9c908e004d9c3b3bfe2","36998888","1650972346","2022-04-26 11:25:46","0x2408e836ebfcf135731df4cf357c10a7b65193bf","0x9bd5cc542bc922e95ba41c0702555e830f2c1cb4","","0","0","0","0.0035231178183","0.00346604330964354","0.97","","","Collect Collateral",""
"0x7dc8e147a8e6ff4e27bffa27e5c5b3c40325e5b37ac8f374f7affa54de9da4c1","36998990","1650972446","2022-04-26 11:27:26","0x2408e836ebfcf135731df4cf357c10a7b65193bf","0x9bd5cc542bc922e95ba41c0702555e830f2c1cb4","","0","0","0","0.0214367570208","0.021089481557063","0.97","","","Redeem Fractional DEI",""
"0xc5410833bed1e1ecc28751f4021c9373745db404ba31bf31b2bb22eefac36d51","37000615","1650975012","2022-04-26 12:10:12","0x2408e836ebfcf135731df4cf357c10a7b65193bf","0x9bd5cc542bc922e95ba41c0702555e830f2c1cb4","","0","0","0","0.04638715653528","0.0456356845994085","0.97","","","Redeem Fractional DEI",""
"0xe1d626695218fb9b19be79ac26df27129fb31a544cd323b70a41c0da9a45dc87","37010294","1650986254","2022-04-26 15:17:34","0x06399c4af0de9e01add546adba102477a4d15b9a","0x9bd5cc542bc922e95ba41c0702555e830f2c1cb4","","0","0","0","0.040416919176","0.0397621650853488","0.97","","","Redeem Fractional DEI",""
"0x0e04e146089cae24fd8f9ee9b6a1c3b73bfe872fb12300f85d7503979a542aa2","37010689","1650986745","2022-04-26 15:25:45","0x06399c4af0de9e01add546adba102477a4d15b9a","0x9bd5cc542bc922e95ba41c0702555e830f2c1cb4","","0","0","0","0.01289681912","0.012687890650256","0.97","","","Collect Collateral",""
"0x7984a81cc7eb826887784976bcbd70d8e23323516f4611056086c940d386b334","37068740","1651060952","2022-04-27 12:02:32","0xe5227f141575dce74721f4a9be2d7d636f923044","0x9bd5cc542bc922e95ba41c0702555e830f2c1cb4","","0","0","0","0.0153529925068","0.0151042740281898","0.99","","","Set Pool Parameters",""
"0x897be41ced2dfde257972c7be77d9c6f3f11cc1cbd0bd7c4bf4bfa85b91601aa","37070747","1651063010","2022-04-27 12:36:50","0xb4d7397808a68d440a4a741bc08efbc20ef714a6","0x9bd5cc542bc922e95ba41c0702555e830f2c1cb4","","0","0","0","0.0327513483972","0.0322207765531654","0.99","","","Redeem Fractional DEI",""
"0xc286609a09e393eee0295bdc5b266fc97c6d8b2b5ccf9f0e173ef783525ffb72","37073642","1651065953","2022-04-27 13:25:53","0xb4d7397808a68d440a4a741bc08efbc20ef714a6","0x9bd5cc542bc922e95ba41c0702555e830f2c1cb4","","0","0","0","0.0203035171536","0.0199746001757117","0.99","","","Redeem Fractional DEI",""
"0x7fd17c62fe97eb12d3e6b0a4688bd46e09f54319a12abc65d5928b3cc3ee4618","37073687","1651065997","2022-04-27 13:26:37","0xb4d7397808a68d440a4a741bc08efbc20ef714a6","0x9bd5cc542bc922e95ba41c0702555e830f2c1cb4","","0","0","0","0.005947773085","0.005851419161023","0.99","","","Collect Collateral",""
"0xb77cd9769b2aace0b959c924a6c82dddbacf7954389a4911111e872808288614","37086925","1651080691","2022-04-27 17:31:31","0x83b285e802d76055169b1c5e3bf21702b85b89cb","0x9bd5cc542bc922e95ba41c0702555e830f2c1cb4","","0","0","0","0.0873874385989","0.0859717620935978","0.99","","","Mint Fractional DEI",""
"0x55b2f52cc4b9795fb3e96b415d64c3adad73cf314f700e9f57d6180682be86b4","37087086","1651080862","2022-04-27 17:34:22","0x83b285e802d76055169b1c5e3bf21702b85b89cb","0x9bd5cc542bc922e95ba41c0702555e830f2c1cb4","","0","0","0","0.083523749906","0.0821706651575228","0.99","","","Mint Fractional DEI",""
"0xedf3b8a446d496b9cc576a7b67e53c150fdde0a77d98e08173e9de1fef1c073b","37087301","1651081073","2022-04-27 17:37:53","0x83b285e802d76055169b1c5e3bf21702b85b89cb","0x9bd5cc542bc922e95ba41c0702555e830f2c1cb4","","0","0","0","0.0839574984748","0.0825973869995082","0.99","","","Mint Fractional DEI",""
"0xe48b8d729d5b1a2fa10971ccbc35bc0b9dcaf39a66672770c3d0605340d4fa16","37087466","1651081247","2022-04-27 17:40:47","0x83b285e802d76055169b1c5e3bf21702b85b89cb","0x9bd5cc542bc922e95ba41c0702555e830f2c1cb4","","0","0","0","0.092568378931","0.0910687711923178","0.99","","","Mint Fractional DEI",""
"0x0b682e7e0d5085133b591c8bafc58cc57dbeaa157e197823fb7cddf96e444334","37087651","1651081424","2022-04-27 17:43:44","0x83b285e802d76055169b1c5e3bf21702b85b89cb","0x9bd5cc542bc922e95ba41c0702555e830f2c1cb4","","0","0","0","0.0945424338013","0.0930108463737189","0.99","","","Mint Fractional DEI",""
"0xd19f21daf874e4a2ef696d75ece48843073b056fb069029dec2caba8297c6d6c","37116607","1651115449","2022-04-28 03:10:49","0x701428525cbac59dae7af833f19d9c3aaa2a37cb","0x9bd5cc542bc922e95ba41c0702555e830f2c1cb4","","0","0","0","0.65684853270377","0.646207586473969","","","","Redeem Fractional DEI",""
"0x44e811b0f48a27b6f410429c74f685234ced254e903e2bf78b3d3e0caec0c2c3","37116756","1651115833","2022-04-28 03:17:13","0x701428525cbac59dae7af833f19d9c3aaa2a37cb","0x9bd5cc542bc922e95ba41c0702555e830f2c1cb4","","0","0","0","0.134882799845","0.132697698487511","","","","Collect Collateral",""
"0x113779fff86f4b8645de612a3c4d57080ca2fd8c0bb3ab0890f1b6e1e8c3b8f7","37117465","1651117449","2022-04-28 03:44:09","0x701428525cbac59dae7af833f19d9c3aaa2a37cb","0x9bd5cc542bc922e95ba41c0702555e830f2c1cb4","","0","0","0","0.3713385682935","0.365322883487145","","","","Redeem Fractional DEI",""
"0x371730f46086b8cccd942133e9c44dc66dcb86605b8bc78d993a58a3d34a3d19","37117503","1651117552","2022-04-28 03:45:52","0x701428525cbac59dae7af833f19d9c3aaa2a37cb","0x9bd5cc542bc922e95ba41c0702555e830f2c1cb4","","0","0","0","0.1104320858875","0.108643086096122","","","","Collect Collateral",""
"0x5016ee31d792fe34ac0ed941812817ebb411bdeb754e89e774fdd8cfca067240","37118006","1651118544","2022-04-28 04:02:24","0x8fe0e1205811d5a7e80ee9dc65ae75cafd71ac8d","0x9bd5cc542bc922e95ba41c0702555e830f2c1cb4","","0","0","0","0.147126879","0.1447434235602","","","","Redeem Fractional DEI",""
"0x98df5ba78f1513c1469ccbaded4b577801fbca6e2d9ea9d3e8088a2d37937a31","37118043","1651118608","2022-04-28 04:03:28","0x8fe0e1205811d5a7e80ee9dc65ae75cafd71ac8d","0x9bd5cc542bc922e95ba41c0702555e830f2c1cb4","","0","0","0","0.032220225","0.031698257355","","","","Collect Collateral",""
"0xbaa85dbb89cb106d561c1e594a83aebcf08dc574c66ee382603a9dc717f2b0c4","37118070","1651118667","2022-04-28 04:04:27","0xbf68f1ce39ed3bd9b20944260aa678bb934d164b","0x9bd5cc542bc922e95ba41c0702555e830f2c1cb4","","0","0","0","0.1082278509165","0.106474559731653","","","","Redeem Fractional DEI",""
"0x0c146903041a3484216200d681006d1d966c45cabd14f4fccf1dd025f61ea8ee","37118138","1651118762","2022-04-28 04:06:02","0xbf68f1ce39ed3bd9b20944260aa678bb934d164b","0x9bd5cc542bc922e95ba41c0702555e830f2c1cb4","","0","0","0","0.030756429205","0.030258175051879","","","","Collect Collateral",""
"0x8ac19a62744026a02f7d5f7dbbcc7bc6490ea545d6d5e6068fb5ef98a5923bf8","37118276","1651119037","2022-04-28 04:10:37","0x5737b080b14d79d21957bab6da630acfbd03011a","0x9bd5cc542bc922e95ba41c0702555e830f2c1cb4","","0","0","0","0.0836280794496","0.0822733045625165","","","","Redeem Fractional DEI",""
"0xfcef709f31fab21e794b4fe0d0a9d0a88af4dbb6cfe82fbe0aba214c1030fb9a","37118305","1651119084","2022-04-28 04:11:24","0x11e765721e8f1b13224a73b0361796e32e32bad8","0x9bd5cc542bc922e95ba41c0702555e830f2c1cb4","","0","0","0","0.1077319374558","0.105986680069016","","","","Redeem Fractional DEI",""
"0xa9b7d4cbdf1bbb5c3f4aff3b3ee08cd563b31bdbd5f4c459f3d7d0b0e528c00b","37118347","1651119137","2022-04-28 04:12:17","0x0a70589d299fab2b12cca68bf499057bd3ddcae5","0x9bd5cc542bc922e95ba41c0702555e830f2c1cb4","","0","0","0","0.236187","0.2323607706","","","","Redeem Fractional DEI",""
"0xff48bf5340cf8b4b82e336da207a467f6cde4bbc6b71b16ee4f77a12fc7f2db3","37118387","1651119180","2022-04-28 04:13:00","0x0a70589d299fab2b12cca68bf499057bd3ddcae5","0x9bd5cc542bc922e95ba41c0702555e830f2c1cb4","","0","0","0","0.04083474766","0.040173224747908","","","","Collect Collateral",""
"0xc88c05d10a0230785d4ee9e6bf51f21aca38c488c5d07cea0f7d7d7cda273226","37118461","1651119281","2022-04-28 04:14:41","0x1cbea1fc4de249ba78b294043bac7e2cb10998ee","0x9bd5cc542bc922e95ba41c0702555e830f2c1cb4","","0","0","0","0.1255633935584","0.123529266582754","","","","Redeem Fractional DEI",""
"0x247e552ddad93ae03ca6aece96d1efda6e6d4e661f073a221e45d990e3dd8bd8","37118505","1651119354","2022-04-28 04:15:54","0x1cbea1fc4de249ba78b294043bac7e2cb10998ee","0x9bd5cc542bc922e95ba41c0702555e830f2c1cb4","","0","0","0","0.024580379245","0.024182177101231","","","","Collect Collateral",""
"0xb6883f583a262f4052f8b6bca924edf529050aef57302e9e02476fdfd4e92f89","37118875","1651119797","2022-04-28 04:23:17","0x60fb4b046b07ce529fb93598286339873d26dd0c","0x9bd5cc542bc922e95ba41c0702555e830f2c1cb4","","0","0","0","0.1111317254816","0.109331391528798","","","","Redeem Fractional DEI",""
"0x444b588b3155d0e36aa5c603b61a2f9d279cfeb92a48c3eb308f82c0db1ba39d","37118910","1651119844","2022-04-28 04:24:04","0x60fb4b046b07ce529fb93598286339873d26dd0c","0x9bd5cc542bc922e95ba41c0702555e830f2c1cb4","","0","0","0","0.03137989846","0.030871544104948","","","","Collect Collateral",""
"0x3dd324b6e8f43741ac740c59eb1a3a47dcf0f0b79997b0184868e94a3dfafb33","37118949","1651119888","2022-04-28 04:24:48","0x06960627461629409a087af6da50fe4d38d74f7e","0x9bd5cc542bc922e95ba41c0702555e830f2c1cb4","","0","0","0","0.094264357383","0.0927372747933954","","","","Redeem Fractional DEI",""
"0x2ecef584c4d1b79d7c4f2fa7acbfd76c5f19199b71cd2ca9f443c12e57effbaf","37118972","1651119911","2022-04-28 04:25:11","0xb7e87009d5ac8fc6ac2205ed77bbf400572a4044","0x9bd5cc542bc922e95ba41c0702555e830f2c1cb4","","0","0","0","0.106367254083","0.104644104566855","","","","Redeem Fractional DEI",""
"0x278d4d6e5d2a534c44b61b53b9e591da080cb3c66b1ce90a4d2437ce1953f422","37118998","1651119937","2022-04-28 04:25:37","0x06960627461629409a087af6da50fe4d38d74f7e","0x9bd5cc542bc922e95ba41c0702555e830f2c1cb4","","0","0","0","0.0252495020075","0.0248404600749785","","","","Collect Collateral",""
"0x1e6a8308792f8d4743dc5d35f33c746aed3af149057ff7696ec933e015687c04","37119016","1651119955","2022-04-28 04:25:55","0xb7e87009d5ac8fc6ac2205ed77bbf400572a4044","0x9bd5cc542bc922e95ba41c0702555e830f2c1cb4","","0","0","0","0.025751345085","0.025334173294623","","","","Collect Collateral",""
"0x512e25a106d492e3ddfeea29f2f3ae1b68fcf34a518f3890c00426dd5859a778","37119043","1651119999","2022-04-28 04:26:39","0x3b15cec2d922ab0ef74688bcc1056461049f89cb","0x9bd5cc542bc922e95ba41c0702555e830f2c1cb4","","0","0","0","0.078972193881","0.0776928443401278","","","","Redeem Fractional DEI",""
"0xf42045b2bc5026cd186a4b9624de8244011e3051af7c4a2e4b6d73dcb974b629","37119078","1651120037","2022-04-28 04:27:17","0x3b15cec2d922ab0ef74688bcc1056461049f89cb","0x9bd5cc542bc922e95ba41c0702555e830f2c1cb4","","0","0","0","0.018718904875","0.018415658616025","","","","Collect Collateral",""
"0x25891932faf4895f653df93112ee2d224cde5ba7d93b50f02ddd5594976f7e07","37119103","1651120066","2022-04-28 04:27:46","0xd1275eb5d5ea553bb52f00cf8025f07b50a66329","0x9bd5cc542bc922e95ba41c0702555e830f2c1cb4","","0","0","0","0.0781350642056","0.0768692761654693","","","","Redeem Fractional DEI",""
"0x97f26ed2af516478fe1cde4642dc5fb03b50a81edc28a8c76c1f8f449b8868a2","37119147","1651120122","2022-04-28 04:28:42","0xbdfa4f4492dd7b7cf211209c4791af8d52bf5c50","0x9bd5cc542bc922e95ba41c0702555e830f2c1cb4","","0","0","0","0.078490304919","0.0772187619793122","","","","Redeem Fractional DEI",""
"0x71ddf3e4dedde5212f99e7d79434b2bc107977efd66f7f79fe162f8dfebe9e9b","37119195","1651120173","2022-04-28 04:29:33","0x1ee81a15108866b0aa70aa76445559c49a9556fc","0x9bd5cc542bc922e95ba41c0702555e830f2c1cb4","","0","0","0","0.117764466","0.1158566816508","","","","Redeem Fractional DEI",""
"0xcb52ceccba6d03a7aedc620a98702e2843b304cb9f8268943987fc8774f9bc27","37119199","1651120178","2022-04-28 04:29:38","0xbdfa4f4492dd7b7cf211209c4791af8d52bf5c50","0x9bd5cc542bc922e95ba41c0702555e830f2c1cb4","","0","0","0","0.01900764797","0.018699724072886","","","","Collect Collateral",""
"0xb7c62e000de816d01d6a35a4d94f7027662e34d2f838e4cc01bf2df3f870e28e","37119203","1651120182","2022-04-28 04:29:42","0xcff8097b146dc56f40bdf34e18e0283dd404765f","0x9bd5cc542bc922e95ba41c0702555e830f2c1cb4","","0","0","0","0.086823244956","0.0854167083877128","","","","Redeem Fractional DEI",""
"0x71449054b2d3cc2bc041c81fc1ef14ae634bbf728c5b396fd3eaa245acd04265","37119242","1651120220","2022-04-28 04:30:20","0xcff8097b146dc56f40bdf34e18e0283dd404765f","0x9bd5cc542bc922e95ba41c0702555e830f2c1cb4","","0","0","0","0.021127062995","0.020784804574481","","","","Collect Collateral",""
"0xa67a4cf894f00b8e9a3d4556639b9429814505afdfd1d08ef851cd9a79874e4e","37119249","1651120226","2022-04-28 04:30:26","0xd1275eb5d5ea553bb52f00cf8025f07b50a66329","0x9bd5cc542bc922e95ba41c0702555e830f2c1cb4","","0","0","0","0.0628371997152","0.0618192370798138","","","","Redeem Fractional DEI",""
"0x2bd63ca113b9508d38aeeb1f78038ba7089fcc27241c9697e12244fd46712f5f","37119327","1651120315","2022-04-28 04:31:55","0xd1275eb5d5ea553bb52f00cf8025f07b50a66329","0x9bd5cc542bc922e95ba41c0702555e830f2c1cb4","","0","0","0","0.018221225085","0.017926041238623","","","","Collect Collateral",""
"0x5ca21b16630fdaaa045fb344ec899cbf93e154d3f7f26a652c4c25be0bc98e6e","37119345","1651120333","2022-04-28 04:32:13","0xcff8097b146dc56f40bdf34e18e0283dd404765f","0x9bd5cc542bc922e95ba41c0702555e830f2c1cb4","","0","0","0","0.0692891361828","0.0681666521766386","","","","Redeem Fractional DEI",""
"0xf14d17ebaca832ec30ae8fbbecd031a5f9ebb6b29d4e0bc5da6109a8eafb0bb0","37119356","1651120347","2022-04-28 04:32:27","0x1ee81a15108866b0aa70aa76445559c49a9556fc","0x9bd5cc542bc922e95ba41c0702555e830f2c1cb4","","0","0","0","0.097164","0.0955899432","","","","Redeem Fractional DEI",""
"0xb3142b021b237d7686edf3966809dfba90d5e7c3510855bc4d2a92590ac598ca","37119429","1651120446","2022-04-28 04:34:06","0x1ee81a15108866b0aa70aa76445559c49a9556fc","0x9bd5cc542bc922e95ba41c0702555e830f2c1cb4","","0","0","0","0.023451175","0.023071265965","","","","Collect Collateral",""
"0x2e5271edf06d75ab0123a6f3a36dccf78de5a568aeb3eae5e9e98b2302469892","37119442","1651120468","2022-04-28 04:34:28","0xcff8097b146dc56f40bdf34e18e0283dd404765f","0x9bd5cc542bc922e95ba41c0702555e830f2c1cb4","","0","0","0","0.0228079893175","0.0224384998905565","","","","Collect Collateral",""
"0xb606fc62238ef5a996cb49892159fb71cb90a535898f854bc96b730f0c28e775","37119649","1651120928","2022-04-28 04:42:08","0x091c22b75c478726f6752fcca80d56e612c11d53","0x9bd5cc542bc922e95ba41c0702555e830f2c1cb4","","0","0","0","1.01223","0.995831874","","","","Redeem Fractional DEI",""
"0x418ad1bf521d1cad14017b557e61d0ba8410589228ed3461e087382deb426eb5","37119696","1651121003","2022-04-28 04:43:23","0x41c6beb49d2d471c1f6889c800c6ae92c6d1abb3","0x9bd5cc542bc922e95ba41c0702555e830f2c1cb4","","0","0","0","0.109254235266","0.107484316654691","","","","Redeem Fractional DEI",""
"0x789728fe8ee2a2b5268d5fc92a558de4e0c4e2de31b3ea58b4bb6468ba4f256a","37119703","1651121014","2022-04-28 04:43:34","0x091c22b75c478726f6752fcca80d56e612c11d53","0x9bd5cc542bc922e95ba41c0702555e830f2c1cb4","","0","0","0","0.072823475","0.071643734705","","","","Collect Collateral",""
"0x4fc8585c4e23a4f8fc33d56b4f40396b45047afde845725edbebab02f6d7eb5c","37119718","1651121060","2022-04-28 04:44:20","0x41c6beb49d2d471c1f6889c800c6ae92c6d1abb3","0x9bd5cc542bc922e95ba41c0702555e830f2c1cb4","","0","0","0","0.038932907475","0.038302194373905","","","","Collect Collateral",""
"0x44533379f49bdfb4f006e21cf126260ce7f5a36966b63cbe0a5963e6dadafb12","37120226","1651122069","2022-04-28 05:01:09","0x41c6beb49d2d471c1f6889c800c6ae92c6d1abb3","0x9bd5cc542bc922e95ba41c0702555e830f2c1cb4","","0","0","0","0.54882","0.539929116","","","","Redeem Fractional DEI",""
"0xe1a7f7f066fd72ab155f76dda892e9b7ca868ea050f8a108d34d29c7f5cba15a","37120266","1651122135","2022-04-28 05:02:15","0x544d2120fa52e71e1048081e6df256b06e192f48","0x9bd5cc542bc922e95ba41c0702555e830f2c1cb4","","0","0","0","0.2530575","0.2489579685","","","","Redeem Fractional DEI",""
"0x818ad6d3c4c0b06d9877e0dde4e08f2faeba9eb3be0b4b95f1e8f083895487b7","37120271","1651122147","2022-04-28 05:02:27","0xbd6c1e096c66d4fd93d71cfc270387c9f8236cf9","0x9bd5cc542bc922e95ba41c0702555e830f2c1cb4","","0","0","0","0.121765765516","0.119793160114641","","","","Redeem Fractional DEI",""
"0xd93903e7dd82a5f7a564baba3c377ceddd61c4216cc24854daa718bf984ba713","37120280","1651122172","2022-04-28 05:02:52","0x41c6beb49d2d471c1f6889c800c6ae92c6d1abb3","0x9bd5cc542bc922e95ba41c0702555e830f2c1cb4","","0","0","0","0.2239","0.22027282","","","","Collect Collateral",""
"0x1045ab548c088ff0dff28913016b3482965700ee36dadcc2d6856b0e22f9502b","37120289","1651122188","2022-04-28 05:03:08","0x544d2120fa52e71e1048081e6df256b06e192f48","0x9bd5cc542bc922e95ba41c0702555e830f2c1cb4","","0","0","0","0.0302520413925","0.0297619583219415","","","","Collect Collateral",""
"0xa238b8c1d439db35ab201bcd1d92e56643202220641566a33e0a2b8ffc281782","37120301","1651122212","2022-04-28 05:03:32","0xbd6c1e096c66d4fd93d71cfc270387c9f8236cf9","0x9bd5cc542bc922e95ba41c0702555e830f2c1cb4","","0","0","0","0.0315242971675","0.0310136035533865","","","","Collect Collateral",""
"0x3da6e0e458ee4eb72d02b03bf8f1bdd83634c7fe22119682f3d2eda3ce389d34","37120335","1651122275","2022-04-28 05:04:35","0x41c6beb49d2d471c1f6889c800c6ae92c6d1abb3","0x9bd5cc542bc922e95ba41c0702555e830f2c1cb4","","0","0","0","0.686025","0.674911395","","","","Redeem Fractional DEI",""
"0xc322052b0a4773f4741c988d7b47791b139e4a10e7a67173420eb101bb2bae51","37120340","1651122285","2022-04-28 05:04:45","0x0fe1aa632a2837239f218e3efad21e8018a9f4ef","0x9bd5cc542bc922e95ba41c0702555e830f2c1cb4","","0","0","0","0.1094064111824","0.107634027321245","","","","Redeem Fractional DEI",""
"0xbfb32a307cb6f54a07c9a473d69c0ed1f0ebb2ade826936155d9fc639d10ddab","37120373","1651122325","2022-04-28 05:05:25","0x41c6beb49d2d471c1f6889c800c6ae92c6d1abb3","0x9bd5cc542bc922e95ba41c0702555e830f2c1cb4","","0","0","0","0.03761687925","0.03700748580615","","","","Collect Collateral",""
"0x356b95b7fe5f0ea7f5295fb3cf9346baf4e64f29cd5e9db0d33a3a4c2f1d67e0","37120375","1651122327","2022-04-28 05:05:27","0x307fa4d240b49177f52905cad88567aa5bc85b91","0x9bd5cc542bc922e95ba41c0702555e830f2c1cb4","","0","0","0","0.1155958199074","0.1137231676249","","","","Redeem Fractional DEI",""
"0x6bb7559f1c7496cdcca94d6c88569c4668ad0a5552ce8dafe726ed853d856596","37120414","1651122380","2022-04-28 05:06:20","0x307fa4d240b49177f52905cad88567aa5bc85b91","0x9bd5cc542bc922e95ba41c0702555e830f2c1cb4","","0","0","0","0.027566216635","0.027119643925513","","","","Collect Collateral",""
"0xd7deaafde4b7974b54a42a5a57b5855dbfd1882e42eb5c8a5069afd7107a3aa2","37120444","1651122425","2022-04-28 05:07:05","0x0fe1aa632a2837239f218e3efad21e8018a9f4ef","0x9bd5cc542bc922e95ba41c0702555e830f2c1cb4","","0","0","0","0.038961454725","0.038330279158455","","","","Collect Collateral",""
"0xf3046cb42ad7f432e604eb9e2ed161dce66a7b2fe0321c52b7cad1dfe56526c6","37120572","1651122578","2022-04-28 05:09:38","0x16e637c4cab6be4ad900329c0f08bbcb9810378c","0x9bd5cc542bc922e95ba41c0702555e830f2c1cb4","","0","0","0","0.09113072949","0.089654411672262","","","","Redeem Fractional DEI",""
"0x0dea1e62039a18261136c5be91389ad4d2e7d271f2a914b0f75aae7e5d86ebd5","37120574","1651122580","2022-04-28 05:09:40","0x16e637c4cab6be4ad900329c0f08bbcb9810378c","0x9bd5cc542bc922e95ba41c0702555e830f2c1cb4","","0","0","0","0.066284162024","0.0652103585992112","","Error(0)","Reverted","Redeem Fractional DEI",""
"0xa75201d6e2f3e638544a76084b820a26d7f6637492118523ad96cb3d9eb2fbbe","37120639","1651122655","2022-04-28 05:10:55","0x8ba7ec23e4f4121ec87c9fe8942e7144248a6ea5","0x9bd5cc542bc922e95ba41c0702555e830f2c1cb4","","0","0","0","0.506115","0.497915937","","","","Redeem Fractional DEI",""
"0x14111975b6d9995a7cdd791bc735e9287088371cca10239b59c12fe967ca9eec","37120686","1651122716","2022-04-28 05:11:56","0x16e637c4cab6be4ad900329c0f08bbcb9810378c","0x9bd5cc542bc922e95ba41c0702555e830f2c1cb4","","0","0","0","0.0189752789125","0.0186678793941175","","","","Collect Collateral",""
"0xbd2f8ef192af866a3e8038f935a01a151b234a27bd0a4280f79540055ad7eab7","37120689","1651122719","2022-04-28 05:11:59","0x8ba7ec23e4f4121ec87c9fe8942e7144248a6ea5","0x9bd5cc542bc922e95ba41c0702555e830f2c1cb4","","0","0","0","0.0268806111675","0.0264451452665865","","","","Collect Collateral",""
"0xb1adbf0c1512ae27ea6beac5e50c779628e47ea6185007aa134e5ad248a9594c","37120823","1651122869","2022-04-28 05:14:29","0xa89202ce2d612d4f9764a0ee00d1f2d0c552ba17","0x9bd5cc542bc922e95ba41c0702555e830f2c1cb4","","0","0","0","0.0964019778579","0.094840265816602","","","","Redeem Fractional DEI",""
"0x00bfb6757e84372158356143e116ba29058f3351241d2ebae447543d9558b1d7","37120875","1651122932","2022-04-28 05:15:32","0xa89202ce2d612d4f9764a0ee00d1f2d0c552ba17","0x9bd5cc542bc922e95ba41c0702555e830f2c1cb4","","0","0","0","0.01912439701","0.018814581778438","","","","Collect Collateral",""
"0x60f7bd40eb8e9b3e4d149f0b03d51f10bf4b1b698d513a4e84c18fefc99ea49c","37120902","1651122957","2022-04-28 05:15:57","0x41c6beb49d2d471c1f6889c800c6ae92c6d1abb3","0x9bd5cc542bc922e95ba41c0702555e830f2c1cb4","","0","0","0","0.54882","0.539929116","","","","Redeem Fractional DEI",""
"0xdc37cc3d902fdf1a151b84e5e4cb575a239c14928e8797b55803d45f3c6fb4d3","37121013","1651123067","2022-04-28 05:17:47","0x41c6beb49d2d471c1f6889c800c6ae92c6d1abb3","0x9bd5cc542bc922e95ba41c0702555e830f2c1cb4","","0","0","0","0.0335086892825","0.0329658485161235","","","","Collect Collateral",""
"0x44453e7ab21bc0a51208763cfee06f1335847d6b9129aab193ddcd6de02edfca","37121133","1651123198","2022-04-28 05:19:58","0x41c6beb49d2d471c1f6889c800c6ae92c6d1abb3","0x9bd5cc542bc922e95ba41c0702555e830f2c1cb4","","0","0","0","0.686025","0.674911395","","","","Redeem Fractional DEI",""
"0xec8f21fa82b8b0994c6e4a5490033667756d43aef402575a22ed9a1eb7a9dfcb","37121215","1651123287","2022-04-28 05:21:27","0x41c6beb49d2d471c1f6889c800c6ae92c6d1abb3","0x9bd5cc542bc922e95ba41c0702555e830f2c1cb4","","0","0","0","0.0260291194675","0.0256074477321265","","","","Collect Collateral",""
"0xc1082a0ed97a6f04bcbf9f0a50984d103df647990492ca080c5cfc8ef05bdbe2","37121463","1651123668","2022-04-28 05:27:48","0xaaa79d6f0307fc103d7fdeb04c659c1c0c398fff","0x9bd5cc542bc922e95ba41c0702555e830f2c1cb4","","0","0","0","0.265881070719","0.261573797373352","","","","Redeem Fractional DEI",""
"0xeb96dccb59a6c4780e1e8b44c2c36cbf054b7eb149e87d11128113834e98db9b","37121513","1651123770","2022-04-28 05:29:30","0xaaa79d6f0307fc103d7fdeb04c659c1c0c398fff","0x9bd5cc542bc922e95ba41c0702555e830f2c1cb4","","0","0","0","0.03616976877","0.035583818515926","","","","Collect Collateral",""
"0xe05e9f3f60c7dd8a23394f293b53e4c554264a9af7db76d84700da4ff939b4e9","37123313","1651125673","2022-04-28 06:01:13","0xf72cd97a579fb4b06588812ad3bf3f9c739f02a3","0x9bd5cc542bc922e95ba41c0702555e830f2c1cb4","","0","0","0","0.0843395","0.0829732001","","","","Redeem Fractional DEI",""
"0x57f0522350945afab6ed98742af95bc52218dbc381a4fd4f74b1b34ce753d323","37123417","1651125773","2022-04-28 06:02:53","0xf72cd97a579fb4b06588812ad3bf3f9c739f02a3","0x9bd5cc542bc922e95ba41c0702555e830f2c1cb4","","0","0","0","0.0201125","0.0197866775","","","","Collect Collateral",""
"0x01d2758ddbd46b69f46cbdd845a3560cb36b15b05c00aafcc117e78dd11d9f4f","37124150","1651126576","2022-04-28 06:16:16","0x6ec7b4fec23015ed9daa8dbf0e3573da69e5d36e","0x9bd5cc542bc922e95ba41c0702555e830f2c1cb4","","0","0","0","0.0617736271256","0.0607728943661653","","","","Redeem Fractional DEI",""
"0x85d9745ddc33912ddefb461fc4c993a09acaa309fca66e734b3280cf40423fe5","37124195","1651126618","2022-04-28 06:16:58","0x6ec7b4fec23015ed9daa8dbf0e3573da69e5d36e","0x9bd5cc542bc922e95ba41c0702555e830f2c1cb4","","0","0","0","0.02040774613","0.020077140642694","","","","Collect Collateral",""
"0x7cdd1419087a156f9a7bd1e554f1cc906826fa41197c6d470a5d0b12cf339a7e","37124726","1651127382","2022-04-28 06:29:42","0x9fb470376f12af151c9ce88bf7b4acaa13bad02b","0x9bd5cc542bc922e95ba41c0702555e830f2c1cb4","","0","0","0","0.06776238771","0.066664637029098","","","","Redeem Fractional DEI",""
"0x36be3b9dc17d0bbc64a55dc81256da349ead6ffaf31cf472c137eb0c1b6ee763","37124787","1651127439","2022-04-28 06:30:39","0x9fb470376f12af151c9ce88bf7b4acaa13bad02b","0x9bd5cc542bc922e95ba41c0702555e830f2c1cb4","","0","0","0","0.02243596667","0.022072504009946","","","","Collect Collateral",""
"0xa5f4f93a763b88d15a6f900f121c0ca44eb49e40c3f8dbf487d3c9895accdde7","37125223","1651127874","2022-04-28 06:37:54","0x72c5cd18a51d53db34072546a7a38a4f73600d92","0x9bd5cc542bc922e95ba41c0702555e830f2c1cb4","","0","0","0","0.0602203935383","0.0592448231629795","","","","Redeem Fractional DEI",""
"0x40d319a071b1b5fdda8e7626565f8996e5d70bf6e7de2717e4737901731869f5","37125261","1651127911","2022-04-28 06:38:31","0x72c5cd18a51d53db34072546a7a38a4f73600d92","0x9bd5cc542bc922e95ba41c0702555e830f2c1cb4","","0","0","0","0.01408703322","0.013858823281836","","","","Collect Collateral",""
"0xfa912eab6e803af885ed0a73a9546678bfac4fc1d81d9da3fd663ad816d89fcc","37125703","1651128344","2022-04-28 06:45:44","0x42c7a0438e27617b982fab95348f05cc02d6d092","0x9bd5cc542bc922e95ba41c0702555e830f2c1cb4","","0","0","0","0.0581736510135","0.0572312378670813","","","","Redeem Fractional DEI",""
"0x729239219beb05536044d1f89214e8a100bb9a2c61cbd24036913c155893b0d8","37125768","1651128421","2022-04-28 06:47:01","0x42c7a0438e27617b982fab95348f05cc02d6d092","0x9bd5cc542bc922e95ba41c0702555e830f2c1cb4","","0","0","0","0.0138966112","0.01367148609856","","","","Collect Collateral",""
"0xba916f6121bbbf5314234d75bbde0c386b3658b8c143066aba9e17208ef91cda","37126040","1651128700","2022-04-28 06:51:40","0x2e15d7aa0650de1009710fdd45c3468d75ae1392","0x9bd5cc542bc922e95ba41c0702555e830f2c1cb4","","0","0","0","0.0621977136022","0.0611901106418444","","","","Redeem Fractional DEI",""
"0x6968dd65cf09dbc9825e3d45c7d7d8f93d7bbae1a0586ece62dd79ad8e7e63cb","37126114","1651128844","2022-04-28 06:54:04","0x708c9d44eafac41fa7217bd8390fc2b18613e739","0x9bd5cc542bc922e95ba41c0702555e830f2c1cb4","","0","0","0","0.5618486031165","0.552746655746013","","","","Redeem Fractional DEI",""
"0x81ba32ee69dc6242ff292a66e73541d501d981898b1d47acd50db51da9a7f81d","37126135","1651128898","2022-04-28 06:54:58","0x2e15d7aa0650de1009710fdd45c3468d75ae1392","0x9bd5cc542bc922e95ba41c0702555e830f2c1cb4","","0","0","0","0.11123","0.109428074","","","","Collect Collateral",""
"0xa0a7c05d453a9f34404d921b32f6f7c74c88b4e5ac32c70d6d6d0e9836d07513","37126147","1651128922","2022-04-28 06:55:22","0x708c9d44eafac41fa7217bd8390fc2b18613e739","0x9bd5cc542bc922e95ba41c0702555e830f2c1cb4","","0","0","0","0.1881461198825","0.185098152740404","","","","Collect Collateral",""
"0xfb86b7ef052a93b482d2a012e7b41549f83a14af91a6bf275c838dc0e116d9e2","37126159","1651128954","2022-04-28 06:55:54","0xed320bf569e5f3c4e9313391708ddbfc58e296bb","0x9bd5cc542bc922e95ba41c0702555e830f2c1cb4","","0","0","0","1.01223","0.995831874","","","","Redeem Fractional DEI",""
"0x2b1100e30f8098d2f8d3eb8d077c88d8bb6d3410b92021e0001edc39d746328b","37126218","1651129079","2022-04-28 06:57:59","0xed320bf569e5f3c4e9313391708ddbfc58e296bb","0x9bd5cc542bc922e95ba41c0702555e830f2c1cb4","","0","0","0","0.202166074488","0.198890984081294","","","","Collect Collateral",""
"0xd6ee9f7dc6c0f9a9847ef5c6927c9568284590f336961b5852126a7619db721b","37126535","1651129726","2022-04-28 07:08:46","0x27d4a79f9096f1b337de23d089d27c0eca313979","0x9bd5cc542bc922e95ba41c0702555e830f2c1cb4","","0","0","0","0.2530575","0.2489579685","","","","Redeem Fractional DEI",""
"0x148ec9629f6f7e72b1a6dbe78f1dcad42e6e0a78809f9f4df5d1fed23f5726e2","37126559","1651129793","2022-04-28 07:09:53","0x27d4a79f9096f1b337de23d089d27c0eca313979","0x9bd5cc542bc922e95ba41c0702555e830f2c1cb4","","0","0","0","0.025165274085","0.024757596644823","","","","Collect Collateral",""
"0x22e6894fb68419947ccc0edfd913fccbe51545b90e68c2570d908126be727473","37126649","1651129976","2022-04-28 07:12:56","0x3d216ebbda0bcd9bc31ea4e8116158221fc34543","0x9bd5cc542bc922e95ba41c0702555e830f2c1cb4","","0","0","0","0.0757597964996","0.0745324877963065","","","","Redeem Fractional DEI",""
"0xe884a617fadf6f8c50243713c3cb7837677e69d1eb1b422d7f5ae67d2bb6edd7","37126669","1651130008","2022-04-28 07:13:28","0x0bbe643d5d9dd0498d0c9546f728504a4aab78f4","0x9bd5cc542bc922e95ba41c0702555e830f2c1cb4","","0","0","0","0.075994719336","0.0747636048827568","","","","Redeem Fractional DEI",""
"0x351bdeaa6915f2b466211cd2504d0a4553076ae0171a5d7beeb7fdadf1c7a5a6","37126678","1651130032","2022-04-28 07:13:52","0x3d216ebbda0bcd9bc31ea4e8116158221fc34543","0x9bd5cc542bc922e95ba41c0702555e830f2c1cb4","","0","0","0","0.025510841345","0.025097565715211","","","","Collect Collateral",""
"0x44ffcc1103170768407d8fb7ee3dcb9bb75ac776cec30f1c529a0dc421254f6b","37126697","1651130064","2022-04-28 07:14:24","0x0bbe643d5d9dd0498d0c9546f728504a4aab78f4","0x9bd5cc542bc922e95ba41c0702555e830f2c1cb4","","0","0","0","0.018520016385","0.018219992119563","","","","Collect Collateral",""
"0xa3380281830996ea66e50cab5239100a36fbb2a3c26f9ab94777069cbef2dc7c","37127241","1651131015","2022-04-28 07:30:15","0x6568ffd045030d6f008fa12214d69ce51100b615","0x9bd5cc542bc922e95ba41c0702555e830f2c1cb4","","0","0","0","0.109299414465","0.107528763950667","","","","Redeem Fractional DEI",""
"0x9791c465f75373901442d7ac03fcdb430f516fe17401774b42d4080459abf978","37127320","1651131099","2022-04-28 07:31:39","0x6568ffd045030d6f008fa12214d69ce51100b615","0x9bd5cc542bc922e95ba41c0702555e830f2c1cb4","","0","0","0","0.019082844585","0.018773702502723","","","","Collect Collateral",""
"0x8c3b81ba38d88682b3c5861885633d953a1701b94d6961af18c2e011fe8140c3","37127595","1651131414","2022-04-28 07:36:54","0x11e765721e8f1b13224a73b0361796e32e32bad8","0x9bd5cc542bc922e95ba41c0702555e830f2c1cb4","","0","0","0","0.0120675","0.0118720065","","","","Collect Collateral",""
"0xbe65f8f0f4a8bb7c0ccf54ff8b5638bbca6a3a03d0a44c6fbd308fcc63d74aa9","37127902","1651131733","2022-04-28 07:42:13","0x35c0578375d034b10dc73d8bb4d26f8c1bff0001","0x9bd5cc542bc922e95ba41c0702555e830f2c1cb4","","0","0","0","0.0731425082535","0.0719575996197933","","","","Redeem Fractional DEI",""
"0x24f79c933b06a0f808e79777f537dc0313b5f66b137c0e377cc2463817bf746a","37127986","1651131810","2022-04-28 07:43:30","0x35c0578375d034b10dc73d8bb4d26f8c1bff0001","0x9bd5cc542bc922e95ba41c0702555e830f2c1cb4","","0","0","0","0.02385732865","0.02347083992587","","","","Collect Collateral",""
"0x116a8ba89afc50a7196f285add4285ce97ef993443f5df6f28e6bd76fa552160","37129003","1651133047","2022-04-28 08:04:07","0x1b47235150bcccd6b51f60f175174dd2d579bc13","0x9bd5cc542bc922e95ba41c0702555e830f2c1cb4","","0","0","0","0.0756989492952","0.0744726263166178","","","","Redeem Fractional DEI",""
"0x2f13338f520c2ab40df84eda413c8fafa7235e150f7aaaf6ea80f46bea3d757a","37129041","1651133118","2022-04-28 08:05:18","0x1b47235150bcccd6b51f60f175174dd2d579bc13","0x9bd5cc542bc922e95ba41c0702555e830f2c1cb4","","0","0","0","0.0173725942375","0.0170911582108525","","","","Collect Collateral",""
"0x1c849096bc4c3c3a2d24adcb01c7faccfd040196114979cf765d26816dfbfa11","37129135","1651133243","2022-04-28 08:07:23","0x5a09edfcc6f4aa80ef9c996521b1a33650bf4c81","0x9bd5cc542bc922e95ba41c0702555e830f2c1cb4","","0","0","0","0.079193804769","0.0779108651317422","","","","Redeem Fractional DEI",""
"0x95ea39ff3fa1cfa55054477f0778364769149976f671beba1bfee1eb9da53040","37129310","1651133406","2022-04-28 08:10:06","0x5a09edfcc6f4aa80ef9c996521b1a33650bf4c81","0x9bd5cc542bc922e95ba41c0702555e830f2c1cb4","","0","0","0","0.0241836684975","0.0237918930678405","","","","Collect Collateral",""
"0xed4db5eabb36aab9a2597ca1bd96ff939966fbe9bc2e95764a515b6a4a64fe87","37130264","1651134457","2022-04-28 08:27:37","0x2a9c628f9b1b06a881407ae457ffb0e51fb7e752","0x9bd5cc542bc922e95ba41c0702555e830f2c1cb4","","0","0","0","0.0734273596924","0.0722378364653831","","","","Redeem Fractional DEI",""
"0x8b372a720f17451ed3ac3cfb8a149449a3a3edbf3f31895c74d2cde37afa95f9","37130304","1651134513","2022-04-28 08:28:33","0x2a9c628f9b1b06a881407ae457ffb0e51fb7e752","0x9bd5cc542bc922e95ba41c0702555e830f2c1cb4","","0","0","0","0.0165740394925","0.0163055400527215","","","","Collect Collateral",""
"0xf3353737846ae2e9f790a827f09b085726a9a2860ed153c0e98011b7a268982f","37132575","1651136813","2022-04-28 09:06:53","0xd49963a190caab3bbbafa26136dcc1023ff007af","0x9bd5cc542bc922e95ba41c0702555e830f2c1cb4","","0","0","0","0.050093204346","0.0492816944355948","","Error(0)","Reverted","Redeem Fractional DEI",""
"0x75c8cec689702f018a1d4aadb7d8c0a22517f22f27d4a4bc6f50df61b4ce0a85","37133983","1651138344","2022-04-28 09:32:24","0x8138d2201ec4b556953b3b959a1771e89b5d53ef","0x9bd5cc542bc922e95ba41c0702555e830f2c1cb4","","0","0","0","0.061831107","0.0608294430666","","Error(0)","Reverted","Redeem Fractional DEI",""
"0xd76759de748055bf40aa35197acabf6585f504622d9b34bbcf6983429f8e8a33","37141178","1651147059","2022-04-28 11:57:39","0x625eb043b70277577947da2c75f5470ae9ed9c62","0x9bd5cc542bc922e95ba41c0702555e830f2c1cb4","","0","0","0","0.1299305819708","0.127825706542873","","Error(0)","Reverted","Redeem Fractional DEI",""
"0x550b2fc5fb155a61198f36a6b89f8e91e91f4424bb1e9c4f09ce9f7ee8ce19c1","37143178","1651149265","2022-04-28 12:34:25","0x1ee81a15108866b0aa70aa76445559c49a9556fc","0x9bd5cc542bc922e95ba41c0702555e830f2c1cb4","","0","0","0","0.3050005680995","0.300059558896288","","Error(0)","Reverted","0xea7d3ca1",""
"0x449973306d9ff969e9fd11140b520c7032ef0ae3c75b873721ce11f59076d1cc","37143263","1651149402","2022-04-28 12:36:42","0x1ee81a15108866b0aa70aa76445559c49a9556fc","0x9bd5cc542bc922e95ba41c0702555e830f2c1cb4","","0","0","0","0.394565758122","0.388173792840424","","Error(0)","Reverted","0xea7d3ca1",""
"0xb6f43dd0dce67d8bd95481e0679aadab580ff5303de3c4b50763c7f882eaf174","37144691","1651151048","2022-04-28 13:04:08","0x544d2120fa52e71e1048081e6df256b06e192f48","0x9bd5cc542bc922e95ba41c0702555e830f2c1cb4","","0","0","0","0.0649978","0.06394483564","","Error(0)","Reverted","0xea7d3ca1",""
